{
  "Employees": [
    {
      "userId": "krish",
      "jobTitle": "Developer",
      "firstName": "Krish",
      "lastName": "Lee",
      "phoneNumber": "123456",
      "emailAddress": "krish.lee@learningcontainer.com"
    },
    {
      "userId": "devid",
      "jobTitle": "Developer",
      "firstName": "Devid",
      "lastName": "Rome",
      "phoneNumber": "1111111",
      "emailAddress": "devid.rome@learningcontainer.com"
    },
    {
      "userId": "tin",
      "jobTitle": "Program Directory",
      "firstName": "tin",
      "lastName": "jonson",
      "phoneNumber": "2222222",
      "emailAddress": "tin.jonson@learningcontainer.com"
    },
    {
      "userId": "Ali",
      "jobTitle": "Program Directory",
      "firstName": "Ali",
      "lastName": "Ahmad",
      "phoneNumber": "54321",
      "emailAddress": "ali.ahmad@learningcontainer.com"
    },
    {
      "userId": "Zira",
      "jobTitle": "Manager",
      "firstName": "Azira",
      "lastName": "Amar",
      "phoneNumber": "121212",
      "emailAddress": "zira.amar@learningcontainer.com"
    },
    {
      "userId": "Fira",
      "jobTitle": "Manager",
      "firstName": "Fira",
      "lastName": "Mohd",
      "phoneNumber": "99998",
      "emailAddress": "fira.mohd@learningcontainer.com"
    },
    {
      "userId": "Zack",
      "jobTitle": "Developer",
      "firstName": "Zakrul",
      "lastName": "Fahmi",
      "phoneNumber": "32123",
      "emailAddress": "zakrul.fahmi@learningcontainer.com"
    }
  ]
}